{"eval_loss": 1.0306345224380493, "eval_accuracy": 0.7727272510528564, "eval_runtime": 0.3059, "eval_samples_per_second": 71.93, "eval_steps_per_second": 9.809}